<manifest alg="2" build="2018.1.0.386" opt="false" iceEnabled="true" iceMarkupVersion="2" iceEnabledOptions="link,responsive,cachebuster,textStyling" exportTarget="other" domain="yandex.ru" resolutions="1x" timestamp="1553107774323">
  <folder name="css">
    <file name="site_global.css" crc="444006867"/>
    <file name="index.css" crc="502096240" ref="index"/>
    <file name="nomq_index.css" crc="4208863955" ref="index"/>
    <file name="iefonts_index.css" crc="3824530138" ref="index"/>
  </folder>
  <folder name="scripts">
    <file name="jquery-1.8.3.min.js" crc="209076791" ref="index"/>
    <file name="museutils.js" crc="340535759" ref="index"/>
    <file name="whatinput.js" crc="86476730" ref="index"/>
    <file name="museconfig.js" crc="4286661555" ref="index"/>
    <file name="jquery.musepolyfill.bgsize.js" crc="4260645839" ref="index"/>
    <file name="jquery.watch.js" crc="51536988" ref="index"/>
    <file name="webpro.js" crc="4059564322" ref="index"/>
    <file name="form_check.php" crc="4020933626" ref="index"/>
    <file name="form_throttle.php" crc="4259590256" ref="index"/>
    <file name="form_process.php" crc="37464564" ref="index"/>
    <file name="form-u265.php" crc="287246687" ref="index"/>
    <file name="jquery.museresponsive.js" crc="527716135" ref="index"/>
    <file name="require.js" crc="7928878" ref="index"/>
  </folder>
  <folder name="images">
    <file name="scale_1600.jpg" crc="15170283" ref="index">
      <caption webpage="index" alt=""/>
    </file>
    <file name="blank.gif" crc="4208392903" ref="index"/>
    <file name="logo_1_new2.jpg" crc="220794899" ref="index">
      <caption webpage="index" alt=""/>
      <caption webpage="index" alt=""/>
    </file>
  </folder>
  <file name="index.html" crc="4246779825" seo="true" mt="1553107751103" redirect="true"/>
</manifest>